entity_name,category,description
Sarah Chen,Employee,"Chief Technology Officer who drives technical vision, oversees engineering organization of 150+ people, and manages $40M technical budget"
Marcus Rodriguez,Employee,"Head of Customer Success managing a team of 12 CSMs, responsible for $25M in annual recurring revenue from enterprise clients"
Priya Patel,Employee,"Senior Software Architect specializing in distributed systems, leads cloud infrastructure team of 8 engineers and manages core platform architecture"
David Kim,Employee,"Product Manager for the data analytics platform, coordinates between 20+ stakeholders and manages quarterly roadmap for core product"
Emma Watson,Employee,"Director of Sales for EMEA region, exceeded Q4 targets by 140% and manages relationships with 50+ enterprise clients"
Michael O'Brien,Employee,"VP of Engineering leading 6 development teams, responsible for technical operations and engineering excellence across the organization"
Aisha Khan,Employee,"Security Engineer managing SOC2 compliance, penetration testing program, and security infrastructure for customer data protection"
James Wilson,Employee,"Frontend Tech Lead overseeing 10 developers, responsible for web application architecture and component library maintenance"
Sofia Garcia,Employee,"Data Science Lead directing ML initiatives, manages team of 5 data scientists working on predictive analytics features"
Tom Nguyen,Employee,"DevOps Engineer maintaining CI/CD pipeline, responsible for deployment automation and managing cloud infrastructure costs"
Rachel Cohen,Employee,"Technical Writer leading documentation strategy, maintains internal knowledge base and creates customer-facing technical content"
Alex Martinez,Employee,"QA Lead managing automated testing framework, oversees team of 6 QA engineers and maintains 85% test coverage"
Linda Johnson,Employee,"HR Director handling employee relations, benefits administration, and leading DEI initiatives across 200+ employee organization"
Raj Sharma,Employee,"Backend Engineer specializing in API development, maintains core services handling 10M+ daily requests"
Nina Petrov,Employee,"UX Designer conducting user research studies, creating wireframes, and leading redesign of main product dashboard"
Sprint Planning,Business Process,"Bi-weekly meeting where product and engineering teams plan upcoming work, estimate story points, and assign tasks to developers"
Customer Onboarding,Business Process,"90-day structured process for enterprise client integration, including technical setup, training, and success metrics definition"
Security Review,Business Process,"Monthly comprehensive audit of system security, access controls, and compliance requirements with detailed reporting"
Release Cycle,Business Process,"6-week development cycle encompassing planning, development, testing, and staged deployment across development and production environments"
QA Testing,Business Process,"Multi-stage testing protocol including automated unit tests, integration testing, and manual QA verification before each release"
Data Backup,Business Process,Automated daily backup of customer data and system configurations with encrypted storage and disaster recovery procedures
Performance Review,Business Process,"Quarterly employee evaluations covering technical skills, project contributions, and professional development goals"
Incident Response,Business Process,"Defined protocol for handling system outages and security incidents, including severity levels, communication plans, and resolution tracking"
Customer Success Check-in,Business Process,"Monthly account health reviews with key customers covering usage metrics, feature requests, and strategic alignment"
Code Review,Business Process,Mandatory peer review system requiring two senior developer approvals and automated quality checks before code deployment
Capacity Planning,Business Process,"Monthly review of system resources, scaling requirements, and infrastructure costs across all cloud services"
Feature Prioritization,Business Process,"Bi-monthly strategic planning session to evaluate feature requests, assess technical feasibility, and update product roadmap"
SLA Monitoring,Business Process,Real-time monitoring of service level agreements with automated alerts and weekly performance analysis reports
Change Management,Business Process,"Formal process for planning and implementing major system changes, including risk assessment and rollback procedures"
Knowledge Base Update,Business Process,"Weekly review and revision of internal documentation, API references, and customer-facing technical guides"
CloudFlow Analytics,Internal Tool,Proprietary data analytics platform processing 5TB of customer data daily with real-time visualization capabilities
CloudFlow Monitor,Internal Tool,Custom-built monitoring system tracking 100+ system metrics with automated alerting and incident management integration
CloudFlow Auth,Internal Tool,Internal authentication service handling SSO integration and role-based access control for enterprise customers
Jira,External Tool,"Project management platform used for agile workflow tracking, sprint planning, and development task management"
Salesforce,External Tool,"CRM platform managing customer lifecycle, sales pipeline, and account health metrics with custom integration"
GitHub Enterprise,External Tool,Version control system hosting 200+ repositories with automated CI/CD pipeline integration
Slack,External Tool,"Team communication platform with custom integrations for alerts, deployments, and customer support notifications"
Datadog,External Tool,"Infrastructure monitoring tool tracking system performance, log aggregation, and custom metric dashboards"
PagerDuty,External Tool,Incident management system handling on-call rotations and automated alert routing for system issues
Zendesk,External Tool,"Customer support platform managing ticket workflow, SLA tracking, and knowledge base articles"
Confluence,External Tool,"Internal wiki system containing technical documentation, process guides, and meeting notes with version control"
AWS,External Tool,Cloud infrastructure provider hosting production services across multiple regions with auto-scaling
New Relic,External Tool,Application performance monitoring tool tracking user interactions and system bottlenecks
Okta,External Tool,Identity management platform handling employee SSO and customer authentication integration
Looker,External Tool,Business intelligence platform for creating custom dashboards and analyzing customer usage patterns
Jenkins,External Tool,CI/CD platform running automated build processes and deployment pipelines for all services
Snowflake,External Tool,Cloud data warehouse handling large-scale data processing and analytics workloads
LastPass Enterprise,External Tool,Password management system securing team credentials and managing access to production systems
Google Workspace,External Tool,"Collaboration suite used for email, document sharing, and team calendars with SSO integration"
Global Bank Corp,Customer,Fortune 500 financial institution using CloudFlow for processing 1M+ daily transactions and risk analysis
TechStart Inc,Customer,Series B startup using CloudFlow's analytics platform to process user behavior data across mobile applications
HealthCare Plus,Customer,Regional healthcare provider leveraging CloudFlow for HIPAA-compliant patient data analysis and reporting
EduLearn Systems,Customer,EdTech platform using CloudFlow to analyze learning patterns and engagement metrics for 500K+ students
RetailGiant,Customer,"National retail chain using CloudFlow for real-time inventory management across 1,000+ store locations"
